kldb_id,beruf_name,kldb_prefix2
71402,Kaufmann/-frau - Büromanagement,71
62102,Warengruppenleiter/in,62
71393,Product Owner,71
54101,Helfer/in - Reinigung,54
81302,Pflegefachmann/-frau (Gesundheits- und Krankenpflege),81
51312,Fachlagerist/in,51
51311,"Helfer/in - Lagerwirtschaft, Transport",51
43414,Fintech-Entwickler/in,43
72213,Fachassistent/in Digitalisierung und IT-Prozesse,72
61124,Digital-Sales-Manager/in,61
63301,Servicekraft - Gastronomie und Gastgewerbe,63
43153,Infotainment-Entwickler/in,43
92113,Service-Designer/in,92
82102,Pflegefachmann/-frau (Altenpflege),82
52122,Tankwagenfahrer/in,52
43224,CRM-Consultant,43
26212,Elektroniker/in - Gebäude- und Infrastruktursysteme,26
25212,Fachkraft - innovative Fahrzeugaufbereitung,25
61123,Technical-Account-Manager/in,61
24232,Fachkraft für Metalltechnik - Zerspanungstechnik,24
25102,Industriemechaniker/in,25
62101,Helfer/in - Verkauf,62
52531,Gabelstaplerfahrer/in,52
71324,Gründerscout,71
29302,Fachkraft - Küche,29
71401,Schalterauskunft,71
84304,Studiengangkoordinator/in,84
61122,Mediengestalter/in Digital und Print - Beratung und Planung,61
43343,Identity-/Access-Manager/in,43
27104,Leiter/in - Forschungsgruppe,27
26252,Starkstromelektriker/in,26
63221,Empfangsmitarbeiter/in (Hotel),63
83113,Waldorferzieher/in,83
83124,Psychosoziale/r Prozessbegleiter/in,83
62194,Verkaufsleiter/in im Lebensmittelhandwerk,62
71523,Jobcoach,71
92133,Key-Account-Manager/in,92
84223,Aus- und Weiterbildungspädagoge/-pädagogin,84
43323,IT-Service-Delivery-Manager/in,43
34212,Leckageorter/in,34
61113,IT-Einkäufer/in,61
25122,Maschinen- und Anlagenführer/in (o. Angabe des Schwerpunkts),25
43384,Cyber-Security-Consultant,43
24422,MIG-Schweißer/in,24
43394,Chief-Information-Security-Officer,43
82101,Pflegeassistent/in (Altenpflege),82
62232,Fachverkäufer/in - Geschenkartikel,62
71524,Arbeitsmarktorientierte/r Berater/in,71
51624,Betriebswirt/in (Hochschule) - Logistik,51
27212,Technische/r Systemplaner/in - Stahl- und Metallbautechnik,27
81404,Weiterbildungsassistent/in (Arzt/Ärztin),81
43102,Assistent/in - Informatik (allgemeine Informatik),43
26312,Glasfasermonteur/in,26
22342,Holzmechaniker/in-Herstellen v. Möbeln u. Innenausbauteilen,22
29301,Helfer/in - Küche,29
81102,Patientenmanager/in,81
52182,Requisitenfahrer/in,52
92122,Service-Chat-Agent/in,92
51622,Kaufmann/-frau - Spedition und Logistikdienstleistung,51
84183,Lernbetreuer/in,84
24412,Vorarbeiter/in - Metallbau,24
24202,Vorarbeiter/in - Metallbearbeitung,24
43104,Data Engineer,43
92413,Video-Journalist/in,92
27304,Product-Lifecycle-Manager/in,27
83131,Schulbegleiter/in,83
72234,Callcentercontroller/in,72
31104,Ingenieur/in - Konstruktiver Ingenieurbau,31
33212,Maler/in und Lackierer/in - Ausbautech. u. Oberflächengest.,33
72132,Kaufmann/-frau - Versicherungen und Finanzanlagen,72
73202,Beamt(er/in) - Kommunalverwaltung (mittl. Dienst),73
71514,Leiter/in - betriebliche Aus- und Weiterbildung,71
43114,Business-Intelligence-Consultant,43
71394,Chief-Product-Officer,71
71302,Industriekaufmann/-frau,71
72113,Berater/in - Immobilienfinanzierung,72
92112,Kaufmann/-frau - Marketingkommunikation,92
72302,Gehilf(e/in) - wirtschafts- und steuerberatende Berufe,72
62272,Automobil-Serviceberater/in,62
81313,Fachkrankenpfleger/in - Intermediate Care,81
43223,Cloud-Consultant,43
26113,Fachkraft - Mechatronik,26
71403,Fachwirt/in - Büro- und Projektorganisation,71
71314,Change-Manager/in,71
61112,Assistent/in - Beschaffungswesen,61
63222,Hausdamenassistent/in,63
31194,"Leiter/in - Projektentwicklung (Immobilien, Bau)",31
71512,Personalsachbearbeiter/in,71
72112,Kassierer/in (Banken),72
26112,Industrietechnologe/-technologin - Mechatronische Systeme,26
51322,Postjungbot(e/in),51
43353,Datenbankentwickler/in,43
34102,Techn. Assistent/in - Gebäudetechnik,34
26122,Elektroniker/in - Automatisierungs- und Systemtechnik,26
63302,Fachkraft - Gastronomie (Restaurantservice),63
43413,Frontend-Entwickler/in,43
81713,Chiropraktiker/in,81
27394,Leiter/in - Process Engineering,27
26304,Elektrotechniksachverständige/r,26
34201,"Helfer/in - Klempnerei, Installation",34
31114,Ingenieur/in - Architektur,31
27223,Konstruktionstechniker/in,27
62312,Fachverkäufer/in - Lebensmittelhandwerk (Konditorei),62
54112,Vorarbeiter/in - Reinigung,54
81112,Zahnmedizinische/r Fachangestellte/r,81
26243,Servicemonteur/in - Windenergieanlagentechnik,26
61194,Leiter/in - Vertriebsinnendienst,61
26303,Inbetriebnahmetechniker/in - Elektrotechnik,26
53111,Kontrollkraft gem. § 9a LuftSiG,53
73112,Rechtsanwaltsgehilfe/-gehilfin,73
62183,Kundendienstberater/in,62
72123,Fachwirt/in - Investment,72
71522,Personaldienstleistungskaufmann/-frau,71
61312,Technisch-kaufmännische/r Assistent/in - Gebäudeservice,61
34342,Anlagenmechaniker/in,34
83211,Helfer/in - Hauswirtschaft,83
27313,Fachkraft - Qualitätssicherung/-management,27
27303,Fachwirt/in - Fertigungs- und Prozessmanagement,27
81394,Pflegedirektor/in,81
84483,Nachhilfelehrer/in,84
43412,Mathematisch-technische/r Softwareentwickler/in,43
24522,Präzisionswerkzeugmechaniker/in - Zerspanwerkzeuge,24
71303,Technische/r Betriebswirt/in - Handwerk,71
62112,Kassierer/in (Handel),62
73203,Verwaltungsangestellte/r - gehobener Dienst,73
72233,Assistent/in - Controlling,72
82312,Meisterassistent/in - Kosmetik im Friseurhandwerk,82
71513,Talent-Acquisition-Manager/in,71
62322,Fachverkäufer/in - Lebensmittelhandwerk (Fleischerei),62
27393,Meister/in - Vernetzte Industrie,27
24411,Helfer/in - Metallbau,24
62262,Fachverkäufer/-berater/in - Bau-/Heimwerkerbedarf,62
26301,Helfer/in - Elektro,26
83212,Hauswirtschafter/in - Serviceorientierte Dienstleistungen,83
29222,Patissier/Patissière,29
91341,"Tester/in, Testperson",91
83112,Sozialpädagogische/r Assistent/in / Kinderpfleger/in,83
25112,Fachkraft - Demontage,25
81723,Motopäde/Motopädin,81
26302,Industrieelektriker/in - Geräte und Systeme,26
83133,Heilerziehungspfleger/in,83
73134,Fachanwalt/-anwältin - Migrationsrecht,73
61313,Betriebswirt/in (Fachschule) - Immobilien,61
26222,Elektroniker/in - Maschinen und Antriebstechnik (BBiG),26
61212,Kaufmann/-frau - Groß- und Außenhandelsmanag. (Großhandel),61
25132,Kontrolleur/in - Feuerlöscher,25
71104,Kaufmännische/r Geschäftsführer/in,71
63401,Helfer/in - Veranstaltungsservice,63
81332,Anästhesietechnische/r Assistent/in,81
81301,Pflegeassistent/in (Gesundheits- und Krankenpflege),81
51694,Leiter/in - Supply-Chain-Management,51
22102,Vorarbeiter/in - Kunststoff- und Kautschukherstellung,22
62252,Küchenplaner/in,62
73184,Jurist/in - Sozialrecht,73
25104,Maschinen- und Anlagensicherheitssachverständige/r,25
83111,Kinderbetreuer/in,83
62302,Verkäufer/in - Nahrungsmittelhandwerk,62
51321,"Helfer/in - Kurier-, Zustell- und Postdienstleistungen",51
81424,Facharzt/-ärztin - Innere Medizin und Rheumatologie,81
92203,Assistent/in - Pressestelle,92
82522,Augenoptiker/in,82
62412,Pharmazeutisch-kaufmännische/r Angestellte/r,62
29201,Helfer/in - Lebensmittelherstellung,29
84144,Seminarleiter/in - Lehrer(innen)ausbildung,84
83141,Senioren-Assistent/in,83
63112,Tourismuskaufmann/-frau (Privat- und Geschäftsreisen),63
43122,CAD-Organisator/in,43
25222,Land- und Baumaschinenmechatroniker/in,25
73222,"Verwaltungsangestellte/r - Krankenk.,Krankenhäuser, Kliniken",73
92303,Fachwirt/in - Medien/B. Prof. Media,92
51623,Fachwirt/in - Güterverkehr und Logistik,51
82194,Leiter/in - Altenpflegeeinrichtung,82
32122,Hochbaufacharbeiter/in - Maurerarbeiten,32
22301,"Helfer/in - Holz, Flechtwaren",22
26393,Industriemeister/in - Elektrotechnik,26
12142,Greenkeeper-Assistent/in,12
61213,Fachwirt/in - Außenwirtschaft,61
41312,Produktionsfachkraft Chemie,41
72304,Betriebswirt/in (Hochschule) - Steuern und Prüfungswesen,72
41322,Textillaborant/in - Textilchemie,41
84213,Praxisanleiter/in - Notfallsanitäter,84
72294,Leiter/in - Konzernrevision,72
24201,Helfer/in - Metallbearbeitung,24
52522,Baugeräteführer/in,52
62182,Reklamationssachbearbeiter/in,62
63293,Hausdame/Housekeeper,63
63394,Betriebsleiter/in - Systemgastronomie,63
22202,Lackierer/in - Tauchlackierung,22
43124,SPS-Ingenieur/in,43
23223,Virtual/Augmented Reality-Entwickler/in,23
23212,Mediengestalter/in Digital und Print - Konzept. u. Visualis.,23
81212,Medizinische/r Technologe/Technologin - Laboratoriumsanaly.,81
43333,EDV-Fachkraft,43
29232,Geflügelfleischer/in,29
12101,Friedhofsarbeiter/in,12
71384,Tender-Manager/in,71
22101,"Helfer/in - Kunststoff, Kautschuk",22
25103,Inbetriebnahmetechniker/in - Maschinenbau,25
84404,E-Learning-Coach,84
26123,Techniker/in - Produktionstechnik und Datenmanagement,26
81883,Medical Writer,81
62212,Fachverkäufer/in - Lederwaren,62
53112,Geprüfte Schutz- und Sicherheitskraft (IHK),53
43112,Fachinformatiker/in - Daten- und Prozessanalyse,43
43123,IoT-Entwickler/in,43
81232,Medizinische/r Technologe/Technologin - Radiologie,81
27312,"Güte-, Materialprüfer/in/Qualitätsfachmann/-frau",27
26233,Inbetriebnahmetechniker/in - Energietechnik,26
22212,Fahrzeuglackierer/in,22
63322,Barista,63
29393,Küchenchef/in,29
81624,Sozialpsychologe/-psychologin,81
52132,Fachkraft - Fahrbetrieb,52
82322,Fußpfleger/in (kosmetisch),82
27314,Qualitätsingenieur/in,27
81822,Apothekerassistent/in,81
32142,Dachdecker/in - Energietechnik an Dach und Wand,32
34322,Verteilnetztechniker/in,34
82593,Industriemeister/in - Medizintechnik,82
25201,Helfer/in - Fahrzeugbau und -instandhaltung,25
61283,E-Commerce-Manager/in,61
52112,Fahrer/in - Personenbeförderung,52
34103,Fachplaner/in - Energie- und Gebäudetechnik,34
72144,Rating-Analyst/in,72
23101,"Helfer/in - Papier, Verpackung",23
71594,Leiter/in - Personalentwicklung,71
24222,Feinpolierer/in,24
26124,"Ingenieur/in - Robotik, Autonome Systeme",26
63312,Fachkraft - Gastronomie (Systemgastronomie),63
83223,Verbraucherberater/in,83
63212,Kaufmann/-frau - Hotelmanagement,63
71304,"Betriebswirt/in (Hochschule) - Unternehmensführung, Managem.",71
84553,Tai-Chi-Chuan- und Qigong-Lehrer/in,84
72212,Kfm. Ass./Wirtschaftsassistent/in - DV/Rechnungswesen,72
82532,Hörakustiker/in,82
63403,Digital-Event-Manager/in,63
34232,Mechatroniker/in - Kältetechnik,34
83142,Fachkraft - Pflegeassistenz,83
72124,Betriebswirt/in (Hochschule) - Bank und Finanzdienstl.,72
24233,Techniker/in - Zerspanungstechnik,24
94512,Fachkraft - Veranstaltungstechnik,94
23122,Packmitteltechnologe/-technologin,23
33211,"Helfer/in - Malerei, Lackiererei",33
33112,Mosaikleger/in,33
81342,Notfallsanitäter/in,81
25293,Betriebsmanager/in - Kraftfahrzeugtechnik,25
92194,Leiter/in - Key Account Management,92
43423,Game Programmer,43
43312,Fachinformatiker/in - Digitale Vernetzung,43
51632,Disponent/in - Güterverkehr,51
72303,Assistent/in - Steuerberatung,72
81884,Medical Advisor,81
25133,Instandhaltungstechniker/in,25
82542,Zahntechnische Hilfskraft,82
73104,Jurist/in,73
31173,Bau- und Projektkaufmann/-frau,31
81464,Facharzt/-ärztin - Psychosom. Medizin u. Psychotherapie,81
61294,Gebietsleiter/in - Außenwirtschaft,61
81733,"Atem-, Sprech- und Stimmlehrer/in",81
63303,Chef de rang,63
72122,Finanzassistent/in,72
54193,Objektleiter/in (Gebäudereinigung),54
24512,Chirurgiemechaniker/in,24
34293,Ofen- und Luftheizungsbauermeister/in,34
22112,Vulkaniseur/in,22
22322,Sägewerker/in,22
63383,Sommelier/Sommelière,63
25214,Ingenieur/in - Fahrzeugtechnik,25
41212,Milchwirtschaftliche/r Laborant/in,41
73332,Assistent/in - Technische Kommunikation,73
61323,Fachwirt/in - Facility-Management,61
34214,Ingenieur/in - Klimasystemtechnik,34
92383,Medienberater/in - Audiovisuelle Medien,92
92114,Brand-Manager/in,92
26102,Roboterprogrammierer/in,26
52202,Eisenbahner/in - Betriebsdienst - Lokführer/in und Transport,52
24511,"Helfer/in - Feinmechanik, Werkzeugbau",24
23412,Medientechnologe/-technologin Siebdruck,23
34213,"Techniker/in - Heizungs-, Lüftungs-, Klimatechnik",34
81804,Fachapotheker/in,81
33301,Helfer/in - Ausbau,33
73223,Krankenhausmanager/in,73
72134,Betriebswirt/in (Hochschule) - Versicherung,72
61282,Kaufmann/-frau - E-Commerce,61
81323,Fachkinderkrankenpfleger/in - Intermediate Care,81
23222,Designer/in (Ausbildung) - Kommunikationsdesign,23
62242,Fotomedienfachmann/-frau,62
43232,Kaufmann/-frau - IT-System-Management,43
32112,Hochbaufacharbeiter/in - Beton- und Stahlbetonarbeiten,32
72223,Kostenrechner/in,72
43383,Informationssicherheitsbeauftragte/r,43
32222,Tiefbaufacharbeiter/in - Straßenbauarbeiten,32
43313,Techniker/in - Informatik (Netzwerktechnologie),43
43113,IT-Lizenzmanager/in,43
33342,Fahrzeugglaser/in,33
32202,Spezialtiefbauer/in,32
33322,"Bootsbauer/in - Neu-, Aus- und Umbau",33
81434,Facharzt/-ärztin - Neurochirurgie,81
53123,Sicherheits- und Gesundheitsschutz-Koordinator/in,53
62122,Verkaufsfahrer/in,62
24302,Universalhärter/in,24
91384,Interkulturelle/r Kommunikationsberater/in,91
23411,Helfer/in - Druck,23
81393,Stationsleiter/in - Kranken-/Alten-/Kinderkrankenpflege,81
53183,Schließ- und Sicherungstechniker/in,53
33302,Vorarbeiter/in - Aus- und Trockenbau,33
81634,Psychotherapeut/in,81
32104,Hochbauingenieur/in,32
21222,Betonmischmaschinenführer/in,21
29202,Maschinen- und Anlagenführer/in - Lebensmitteltechnik,29
63382,Büfettkraft,63
62103,Fachwirt/in - Vertrieb im Einzelhandel,62
41311,Helfer/in - Chemie- und Pharmatechnik,41
53124,CE-Beauftragte/r,53
25252,E-Bike-Servicetechniker/in,25
12202,Florist/in,12
51662,Dienstleistungsfachkraft - Postbetrieb,51
51532,Flugdatenbearbeiter/in,51
33332,Ausstellungstischler/in,33
84503,Übungsleiter/in - Prävention/Rehabilitation,84
72214,Betriebswirt/in (Hochschule) - Rechnungswesen u. Controlling,72
33102,Vorarbeiter/in - Bodenverlegung,33
81484,Prüfarzt/-ärztin,81
71383,Fremdfirmenkoordinator/in,71
81474,Zahnarzt/-ärztin,81
25194,Leiter/in - Betriebliche Instandhaltung,25
81353,Hebamme/Entbindungspfleger,81
73342,Klinische Kodierfachkraft,73
73212,Fachangestellte/r für Arbeitsmarktdienstleistungen,73
62301,Kiosk-/Imbissverkäufer/in,62
83193,Fachwirt/in - Erziehungswesen,83
27103,3-D-Druck-Spezialist/in,27
54152,Flugzeugreiniger/in,54
41294,Laborleiter/in,41
71214,Abgeordnete/r,71
51412,Kaufmann/-frau - Verkehrsservice,51
34301,Helfer/in - Ver- und Entsorgung,34
29382,Foodstylist/in,29
92302,Medienkaufmann/-frau Digital und Print,92
83123,Ehrenamtskoordinator/in,83
51504,Manager/in - Nachhaltige Mobilität,51
31124,Stadt- und Regionalplaner/in,31
34312,"Fachkraft - Rohr-, Kanal-u. Industrieserv. (Rohr/Kanals.)",34
81113,Kieferorthopädische/r Fachhelfer/in,81
81214,Facharzt/-ärztin - Anatomie,81
72194,Leiter/in - Markt (Banken),72
26332,Kraftfahrzeugmechatroniker/in - Fahrzeugkommunikationstechn.,26
52532,Anschläger/in,52
53142,Rettungsschwimmer/in,53
83154,EUTB-Berater/in,83
93222,Gestalter/in für visuelles Marketing,93
81712,Masseur/in und medizinische/r Bademeister/in,81
32101,Helfer/in - Hochbau,32
25101,"Helfer/in - Maschinenbau, Betriebstechnik",25
62282,Tankwart/in,62
61314,Betriebswirt/in (Hochschule) - Immobilien,61
83134,Rehabilitationspädagoge/-pädagogin,83
91334,Museumspädagoge/-pädagogin,91
25213,Inbetriebnahmetechniker/in - Fahrzeugtechnik,25
28221,Helfer/in - Textilverarbeitung,28
72182,Beamt(er/in) - Bundesbank (mittl. Dienst),72
43214,IT-Produktkoordinator/in,43
33393,Werkpolier/in - Ausbau,33
73183,Geldwäschebeauftragte/r,73
23294,Art-Director,23
81454,Algesiologe/Algesiologin,81
32193,Gerüstbauermeister/in,32
61203,Betriebswirt/in (Fachschule) - Handel,61
81222,Medizinische/r Technologe/Technologin - Funktionsdiagnostik,81
82222,Saunameister/in,82
73312,Fachangestellte/r für Medien- u. Info.Dienste - Bildagentur,73
22332,Holzmechaniker/in - Leisten- und Rahmenindustrie,22
32252,Tiefbaufacharbeiter/in - Kanalbauarbeiten,32
84444,IT-Trainer/in,84
25134,Serviceingenieur/in,25
25232,Metallflugzeugbauer/in,25
23224,Interfacedesigner/in,23
81444,Facharzt/-ärztin - Phoniatrie und Pädaudiologie,81
32162,Industriekletterer/-kletterin,32
32201,Helfer/in - Tiefbau,32
41204,Biowissenschaftler/in,41
27224,Konstruktionsingenieur/in,27
72244,Revisor/in,72
94232,Mannequin/Dressman,94
31214,Vermessungsingenieur/in,31
34343,Techniker/in - Maschinentechnik (Anlagentechnik),34
92412,Redaktionsvolontär/in,92
82213,Pflegeberater/in,82
73204,Verwaltungswissenschaftler/in,73
31103,Beamt(er/in) - Gehobener bautechnischer Dienst,31
92304,Game Producer,92
51522,Eisenbahner/in - Zugverkehrssteuerung,51
32224,Straßenbauingenieur/in,32
51222,Sicherungsposten,51
84583,Schwimmlehrer/in,84
26313,Beamt(er/in) - Fernmelde- u. Elektron. Aufklärung (geh.t.D.),26
82183,Fachaltenpfleger/in - Palliativ- und Hospizpflege,82
1402,Freiwil. Wehrdienstleistende/r - Laufbahngruppe Mannschaften,14
12144,Landschaftsarchitekt/in,12
83122,Peer Counselor/in,83
51394,Leiter/in - Lagerwirtschaft,51
71413,Fremdsprachenkaufmann/-frau,71
34304,Ingenieur/in - Versorgungstechnik,34
23322,Fotograf/in - Produktfotografie,23
12132,Gärtner/in - Friedhofsgärtnerei,12
34222,Ofen- und Luftheizungsbauer/in,34
81894,Director Regulatory Affairs (Pharma/Life Science),81
72133,Fachwirt/in - Versicherungen und Finanzen,72
61204,Betriebswirt/in (Hochschule) - Handel,61
84214,Ingenieurpädagoge/-pädagogin,84
42313,"Techniker/in - Umweltschutzt. (Erneuerb.Energ., Energieber.)",42
91344,UX-Researcher/in,91
27302,Produktionstechnologe/-technologin,27
24101,"Helfer/in - Metallerzeugung, Gießerei",24
43363,Webadministrator/in,43
34112,Schulassistent/in (nicht Verwaltung),34
82212,Gesundheitstrainer/in,82
28222,Maßschneider/in - Herren,28
24132,Gießereimechaniker/in - Schmelzbetrieb,24
43103,Entwickler/in - Datenvisualisierung,43
82503,Techniker/in - Medizintechnik,82
81783,Motopädagoge/-pädagogin,81
84454,Lehrer/in - Deutsch als Fremdsprache,84
43233,Fachberater/in - Vertrieb (Ausbildung),43
34303,Techniker/in - Versorgungstechnik,34
72243,Assistent/in - Wirtschaftsprüfung,72
92382,Assistent/in - Filmgeschäftsführung,92
62422,Fachmann/-frau - Rehatechnik/Sanitätshauswaren,62
54122,Glasreiniger/in,54
73333,Fachwirt/in - Informationsdienste,73
54182,Teppichbodenreiniger/in,54
29322,Rotisseur/in,29
34202,Isolierklempner/in,34
81142,Tiermedizinische/r Fachangestellte/r,81
42314,Klimaschutzmanager/in,42
73232,Beamt(er/in) - Steuerverwaltung (mittl. Dienst),73
24301,Helfer/in - Metalloberflächenbearbeitung,24
63402,Mitarbeiter/in im Künstlerischen Betriebsbüro,63
33101,Helfer/in - Bodenverlegung,33
32204,Tiefbauingenieur/in,32
63393,Barmeister/in,63
11102,Fachkraft - Agrarservice,11
94614,Bühnenbildner/in mit technischen Mitarbeitern,94
41422,Werkstoffprüfer/in - Kunststofftechnik,41
11101,Helfer/in - Landwirtschaft,11
51512,Fahrbetriebsregler/in (Straßenverkehr),51
81414,Facharzt/-ärztin - Kinder- und Jugendmedizin,81
24423,Schweißtechniker/in,24
41314,Ingenieur/in - Technologie der Kosmetika und Waschmittel,41
73282,Beamt(er/in) - Bergverwaltung (mittl. Dienst),73
61284,Betriebswirt/in (Hochschule) - Automobilwirtschaft,61
94382,Weihnachtsmann/-frau,94
21311,Helfer/in - Glasherstellung und -verarbeitung,21
82214,Leiter/in - Medizincontrolling,82
26334,Ingenieur/in - Elektromobilität,26
41104,Mathematiker/in,41
21201,"Helfer/in - Naturstein- und Mineralaufber., Baustoffherst.",21
53184,Ingenieur/in - Rettungswesen,53
31193,Montageleiter/in (Bau),31
26382,DGUV-Prüfer/in,26
51593,Verkehrsleiter/in - Kraftverkehrsunternehmen,51
94404,Podcast-Produzent/in,94
51212,Tunnelwärter/in,51
73324,Buchwissenschaftler/in,73
61162,Vermietassistent/in (Kfz),61
93102,Assistent/in - Produktdesign,93
22393,Fertigungsplaner/in - Tischlerhandwerk,22
42324,Abfallbeauftragte/r,42
34233,Techniker/in - Kältetechnik,34
82393,Kosmetikermeister/in,82
51594,Chefpilot/in,51
93212,Assistent/in - Innenarchitektur,93
71412,Kfm. Ass./Wirtschaftsassistent/in - Fremdsprachen,71
84513,Fahrlehrer/in,84
81234,Facharzt/-ärztin - Strahlentherapie,81
23193,Industriemeister/in - Papier- und Kunststoffverarbeitung,23
53182,Verkehrsüberwacher/in / Hilfspolizist/in,53
63132,Berg- und Skiführer/in,63
63122,Sportfachmann/-frau,63
72184,Beamt(er/in) - Bundesbank (höh. Dienst),72
32232,Tiefbaufacharbeiter/in - Gleisbauarbeiten,32
31212,Vermessungstechniker/in - Bergvermessung,31
43494,Leiter/in - Anwendungsentwicklung (EDV),43
81103,Praxisassistent/in (nicht ärztlich),81
83194,Erwachsenenheimleiter/in,83
11712,Beamt(er/in) - Forstdienst (mittl. techn. Dienst),11
26262,"Kabelmonteur/in (Fern-, Frei- und Fahrleitungsbau)",26
82504,Ingenieur/in - Medizintechnik,82
94214,Synchronsprecher/in,94
92193,Teamleiter/in - Callcenter,92
24142,Gießereimechaniker/in - Handformguss,24
51493,Zugchef/in,51
26314,Ingenieur/in - Medientechnik/Multimedia,26
33222,Gipsbildhauer/in (Stuckateur/in),33
29293,Industriemeister/in - Süßwaren,29
82233,Ernährungs- und Fitnessberater/in (Gesundheit/Sport),82
92414,Auslandskorrespondent/in,92
43134,Medizininformatiker/in,43
51122,Fachkraft Bodenverkehrsdienst im Luftverkehr,51
82243,Pflegesachverständige/r,82
73294,Verwaltungsleiter/in (Krankenhaus),73
93232,"Raumausstatter/in - Raumd., Licht-, Sicht- und Sonnenschutz.",93
33312,Isolierer/in,33
31153,Fachkraft - Bauwerkserhaltung,31
34302,Vorarbeiter/in - Ver- und Entsorgung,34
93104,"Industrie-, Produktdesigner/in",93
33323,Zimmerer/Zimmerin - Restaurierungsarbeiten,33
84543,Fußballtrainer/in,84
61394,Leiter/in - Immobilienmanagement,61
53193,Meister/in - Bäderbetriebe,53
84484,Verkaufstrainer/in,84
41432,Baustoffprüfer/in - Asphalttechnik,41
61133,Makler/in (Handel),61
27294,Leiter/in - Konstruktion,27
94532,Cutter-Assistent/in,94
34104,Ingenieur/in - Gebäudetechnik/Facility-Management,34
54132,Textilreiniger/in,54
28132,Seiler/in - Seilherstellung,28
81762,Diätassistent/in,81
93214,Innenarchitekt/in,93
51533,Sachbearbeiter/in - Luftaufsicht,51
28101,Helfer/in - Textilherstellung,28
41412,Physiklaborant/in,41
33352,Jalousie- und Rollladenmacher/in,33
43154,Medieninformatiker/in,43
91343,Fachwirt/in - Marktforschung,91
83383,CVJM-Sekretär/in,83
94593,Meister/in - Medienproduktion Bild und Ton,94
63294,Betriebswirt/in (Hochschule) - Hotelmanagement,63
94413,Zweite/r Regieassistent/in,94
11212,Melker/in,11
83132,Integrations-/Inklusionsfachkraft,83
73322,Assistent/in - Bibliotheken,73
73253,Amtsanwalt/-anwältin,73
33293,Ausbaumanager/in,33
31134,Verkehrsbauingenieur/in,31
94513,Lichtplaner/in,94
81614,Pädagogische/r Psychologe/Psychologin,81
23323,Fotodesigner/in,23
41304,Chemiker/in,41
22201,Helfer/in - Farb- und Lacktechnik,22
53133,Werkfeuerwehrtechniker/in,53
73242,Beamt(er/in) - Zolldienst (mittl. Dienst),73
53152,Versicherungsdetektiv/in,53
71382,"Werkgehilfe/-gehilfin-Schmuckwarenind.,Taschen-,Armbanduhren",71
28232,Zeltmacher/in,28
53132,Werkfeuerwehrmann/-frau,53
61142,Automatenfachmann/-frau - Automatendienstleistung,61
11501,Helfer/in - Tierpflege,11
41404,Physiker/in,41
41114,Statistiker/in,41
93223,Ausstellungsdesigner/in,93
21232,Naturwerksteinmechaniker/in - Steinmetztechnik,21
73194,Leiter/in - Rechtsabteilung,73
82523,Optometrist/in,82
92204,Public-Affairs-Manager/in,92
32103,Techniker/in - Bautechnik (Hochbau),32
26234,Ingenieur/in - Energietechnik,26
22302,Vorarbeiter/in - Holzbe- und -verarbeitung,22
33132,Parkettleger/in,33
25131,Zählerableser/in,25
24243,Lasertechnische/r Assistent/in,24
71424,Gebärdensprachdolmetscher/in,71
23422,Medientechnologe/-technologin Druckverarbeitung,23
31102,Techn. Assistent/in - Bautechnik,31
73214,Aufsichtsperson (Unfallversicherung),73
12193,Gärtnermeister/in - Friedhofsgärtnerei,12
34393,Deponieleiter/in,34
92434,Trauerredner/in,92
94342,Croupier/Croupière,94
25234,Ingenieur/in - Luft- und Raumfahrttechnik,25
41214,Ingenieur/in - Biotechnologie,41
84412,Singschullehrer/in,84
84124,Lehrer/in - Schularten der Sekundarstufe I,84
34332,Fachkraft - Kreislauf- u. Abfallw.(Abfallbes. und -behandl.),34
73252,Justizfachangestellte/r,73
53323,Hygienebeauftragte/r,53
63114,Betriebswirt/in (Hochschule) - Touristik,63
32203,Techniker/in - Bautechnik (Tiefbau),32
63313,Fachwirt/in - Gastgewerbe,63
82182,Ambulante/r Pfleger/in,82
83314,Pastor/in - Freikirchen,83
73213,Beamt(er/in) - Versorgungsverwaltung (geh. Dienst),73
33213,Restaurator/in - Maler- u. Lackiererhw./M. Prof. Restaur.,33
25242,Bootsbauer/in - Technik,25
93542,"Schilder- und Lichtreklamehersteller/in-Grafik,Druck,Applik.",93
83143,Haus- und Familienpfleger/in,83
26114,Ingenieur/in - Mechatronik,26
43152,Assistent/in - Informatik (Medieninformatik),43
27232,Technische/r Modellbauer/in - Gießerei,27
22394,Holzwirt/in,22
26232,Wärmestellengehilfe/in,26
43314,Netzplaner/in,43
32212,Pflasterer/Pflasterin,32
94402,"Produktionsfahrer/in (Film-, Fernsehproduktion)",94
53242,Beamt(er/in) - Abschiebungshaftvollzugsdienst (m.D.),53
43294,Leiter/in - Benutzerservicezentrum (EDV),43
73233,Finanzwirt/in,73
93233,Gestaltungsberater/in - Raumausstatterhandwerk,93
71333,Wirtschaftsförder(er/in),71
83293,Meister/in - Hauswirtschaft,83
41414,Ingenieur/in - Physik,41
24593,Leiter/in - Werkzeugbau,24
41254,Tierschutzbeauftragte/r,41
11711,Helfer/in - Forstwirtschaft,11
29252,Fachkraft für Speiseeis,29
94383,Büttenredner/in,94
11211,Fütterer/Fütterin - Tierwirtschaft,11
32293,Gleisbaumeister/in,32
81183,Arbeitsmedizinische/r Assistent/in,81
11522,Hundefriseur/in,11
51643,Fachwirt/in - Luftverkehr,51
32102,Hochbaufacharbeiter/in (ohne Angabe des Schwerpunkts),32
43144,Geoinformatiker/in,43
81504,Fachtierarzt/-ärztin,81
29122,Weintechnologe/-technologin,29
84504,Sportpädagoge/-pädagogin,84
71493,Büroleiter/in - Handwerk,71
63123,Betriebswirt/in (Fachschule) - Sportmanagement,63
25183,Konstrukteur/in - Hydraulik-/Pneumatiktechnik,25
73334,Dokumentar/in,73
24493,Industriemeister/in - Metall (Metall- u. Schiffbautechnik),24
91244,Filmwissenschaftler/in,91
43194,Leiter/in - Informationsmanagement,43
51401,Flugbegleiter/in,51
42204,Ingenieur/in - Umweltschutz/Umwelttechnik,42
62222,Fachverkäufer/in - Schmuck/Uhren/Gold-/Silberw.,62
25182,Turbinenmechaniker/in,25
42124,Geowissenschaftler/in,42
28301,"Helfer/in - Pelz, Leder, Schuhe",28
24122,Verfahrenstechnolog(e/in) Metall - Stahlumformung,24
82512,Orthopädietechnik-Mechaniker/in - Individuelle Rehatechnik,82
92424,Lektor/in - Verlage,92
84114,Lehrer/in - Grundschulen,84
62512,Buchhändler/in,62
82332,Piercer/in,82
41284,Ingenieur/in - Biomechanik,41
52593,Bauhofverwalter/in,52
25193,Industriemeister/in - Metall (Betriebstechnik),25
81772,Podologe/Podologin,81
72224,Versicherungskalkulator/in,72
21411,Helfer/in - Keramik,21
28332,Maßschuhmacher/in - Schaftbau,28
31163,Baukontrolleur/in (Sicherheitskontrolleur/in),31
82513,Orthopädietechniker/in,82
26333,Techniker/in - Elektromobilität,26
53342,Schädlingsbekämpfer/in,53
73314,Archivar/in,73
62193,Verkaufsaufsicht,62
81494,Chefarzt/-ärztin,81
82223,Fachwirt/in - Kosmetik und Wellness,82
26293,Leiter/in - Biogasanlagen,26
92384,Listbroker/in,92
32152,Fassadenmonteur/in,32
26324,Ingenieur/in - Sensortechnik,26
11103,Beamt(er/in) - Agrarverwaltung (geh. techn. Dienst),11
21422,Geschirrkeramformer/in,21
31174,Betriebswirt/in (Hochschule) - Bauwirtschaft,31
94224,Choreograf/in,94
81743,Musiktherapeut/in,81
22104,Ingenieur/in - Kunststofftechnik,22
12143,Fachagrarwirt/in - Head-Greenkeeper/in,12
62514,Buchhändler/in (Hochschule),62
81343,Funkstellenleiter/in (Rettungsleitstelle),81
53122,Brandbekämpfungsbeauftragte/r und Ersthelfer/in,53
91164,Kaukasiologe/Kaukasiologin,91
91404,Ökonom/in,91
22352,Bürsten- und Pinselmacher/in - Herstellen von Pinseln,22
29112,Brauer/in und Mälzer/in,29
81383,Wundmanager/in,81
27293,Industriemeister/in - Planung/Konstruktion,27
41384,Natur- und Wirkstoffchemiker/in,41
23312,Filmkopienfertiger/in,23
27184,Zulassungsbeauftragte/r,27
91314,Politologe/Politologin,91
94622,Ankleider/in / Garderobier/e,94
72183,Leasing-Berater/in,72
51422,Internationale/r Luftverkehrsassistent/in,51
83323,Diakon (katholisch),83
81794,Leitende/r Physiotherapeut/in,81
26322,Mikrotechnologe/-technologin - Mikrosystemtechnik,26
25233,Techniker/in - Luftfahrttechnik,25
53312,Beamt(er/in) - Eichwesen (mittl. techn. Dienst),53
11302,Pferdewirt/in - Pferdehaltung und Service,11
29312,Gardemanger,29
63124,"Sportmanager/in, -ökonom/in",63
28122,Textilgestalter/in im Handwerk - Filzen,28
42394,Leiter/in - Sachverständigenbüro für Umweltfragen,42
94493,Motivaufnahmeleiter/in,94
28214,Modedesigner/in,28
21212,Aufbereiter/in - Bergbau,21
21362,Verfahrensmechaniker/in - Brillenoptik,21
11723,Ranger/in,11
32172,Bauwerksmechaniker/in für Abbruch und Betontrenntechnik,32
28242,Fahrzeuginterieur-Mechaniker/in,28
52512,Forstmaschinenführer/in,52
94124,Liedermacher/in,94
28102,Vorarbeiter/in - Textiltechnik und -produktion,28
51583,Gefahrgutbeauftragte/r,51
41484,Wirtschaftsphysiker/in,41
54142,Schankanlagenreiniger/in,54
26383,Systemtester/in - Elektrotechnik,26
51234,Wartungsingenieur/in - Flugsicherung,51
84434,Kunstpädagoge/-pädagogin,84
94533,Filmeditor/in,94
81782,Fachkraft - alternat. Therapiefor. (n. Arzt od. Heilprakt.),81
53214,Polizeivollzugsbeamt(er/in) (höh. Dienst),53
41424,Ingenieur/in - Materialwissenschaften,41
34193,Leiter/in - Krankenhausbetriebstechnik,34
51393,Logistikmeister/in,51
31132,Fachkraft - Straßen- und Verkehrstechnik,31
82402,Tierbestatter/in,82
94482,Persönliche/r Referent/in (Intendanz),94
73284,Beamt(er/in) - Allg. Innere Verwaltung (höh. Dienst),73
32264,Wasserbauingenieur/in,32
27194,Leiter/in - Innovationsmanagement,27
24212,Fachkraft für Metalltechnik - Umform- und Drahttechnik,24
11282,Hundezüchter/in,11
26323,Prozessmanager/in - Mikrotechnologie,26
11194,Betriebsleiter/in - landwirtschaftlich,11
31213,Beamt(er/in) - Vermessungswesen (geh. techn. Dienst),31
94494,Chefdramaturg/in,94
94483,Casting-Direktor/in,94
53162,Inkassobeauftragte/r (Außendienst),53
12112,Gärtner/in - Obstbau,12
63142,Reiseleiter/in,63
25243,Konstrukteur/in - Schiffbau,25
51613,Fachwirt/in - Personenverkehr und Mobilität,51
81341,Rettungshelfer/in,81
31144,Ingenieur/in - Wasserwirtschaft,31
84294,Schulleiter/in - berufliche Schulen,84
91144,Wirtschaftsrussist/in,91
62382,Geprüfte/r Weinfachberater/in,62
31222,Geomatiker/in,31
32242,Tiefbaufacharbeiter/in - Brunnen- und Spezialtiefbauarbeiten,32
93103,Gestalter/in - Produktdesign,93
29194,Betriebsleiter/in - Getränketechnik,29
42202,Umweltschutztechnische/r Assistent/in,42
23124,Ingenieur/in - Verpackungstechnik,23
81233,Fachradiologietechnologe/-technologin - neurorad. Bildgebung,81
53212,Wachpolizist/in,53
63213,"Betriebswirt/in (Fachschule) - Hotel-, Gaststättengewerbe",63
84134,Lehrer/in - Förderschulen,84
52314,Verkehrsflugzeugführer/in (ATPL (A)),52
82342,Maskenbildner/in,82
24414,Stahl- und Metallbauingenieur/in,24
92294,Leiter/in - Public Affairs (Lobbying),92
26242,Solarmonteur/in,26
51123,Prüfer/in von Luftfahrtgerät / Certifying Staff,51
82284,Ökotrophologe/Ökotrophologin,82
25224,Ingenieur/in - Agrartechnik,25
28213,Produktentwickler/in (Mode),28
52384,Checkkapitän/in,52
51642,Duty-Officer,51
34203,Blechverarbeitungstechniker/in,34
27283,Konstrukteur/in - Modellbaumechanik,27
94523,Kamera-Operator/in,94
29294,Backstubenleiter/in,29
82502,Techn. Assistent/in - medizinische Gerätetechnik,82
94283,Puppenspieler/in (Hochschule),94
94704,Kunstwissenschaftler/in,94
81814,Facharzt/-ärztin - Pharmakologie und Toxikologie,81
81182,Coronatester/in,81
42212,Schornsteinfeger/in,42
92123,Betriebswirt/in (Fachschule) - Callcentermanagement,92
51113,Wagenmeister/in (Schienenverkehr),51
73283,Beamt(er/in) - Digitale Verwaltung (geh. Dienst),73
12194,Gartenbauverwalter/in,12
22303,Techniker/in - Holztechnik (Modell- und Formenbau),22
63404,Kulturmanager/in,63
33122,Terrazzoleger/in,33
94243,Berufssportler/in,94
51652,Kaufmann/-frau - Reederei- und Schiffsmaklergewerbe,51
82311,Helfer/in - Friseurgewerbe,82
11422,Fischwirt/in - Küstenfischerei und Kleine Hochseefischerei,11
24413,Techniker/in - Metallbautechnik (Gebäudetechnik),24
71432,Phonotypist/in,71
26384,Ingenieur/in - Technische Kybernetik,26
32123,Restaurator/in - Maurer-u. Betonbauerhw./M. Prof. Restaur.,32
42283,Techniker/in - Umweltschutzt. (Wasserver- u. -entsorgung),42
22343,"Meister/in - Möbel-, Küchen- und Umzugsservice",22
94323,Gedächtniskünstler/in,94
42334,Strahlenschutzingenieur/in,42
41413,Techniker/in - Physiktechnik,41
53134,Brandschutzsachverständige/r,53
41313,Techniker/in - Chemietechnik (ohne Schwerpunkt),41
81623,Psychologisch-technische/r Assistent/in,81
34324,Rohrnetzingenieur/in,34
22222,Lacklaborant/in,22
24523,Konstrukteur/in - Werkzeugmaschinenbau/Formentechnik,24
31164,Ingenieur/in - Bauphysik,31
23112,Papiertechnologe/-technologin,23
73124,Notar/in,73
24424,Schweißfachingenieur/in,24
33233,Bauabdichtungstechniker/in,33
42114,Ingenieur/in - Geotechnik,42
51523,Techniker/in - Verkehrstechnik (Eisenbahnbetrieb),51
28293,Zuschnittleiter/in (Schneiderei),28
12102,Vorarbeiter/in - Gartenbau,12
92494,Chefredakteur/in,92
84224,Berufspädagoge/-pädagogin,84
42333,Kraftwerksmeister/in - Strahlenschutz,42
84184,Fachleiter/in - allgemeinbildende Schulen,84
53222,Beamt(er/in) - Kriminaldienst (mittl. Dienst),53
63143,Fremdenführer/in,63
93304,Restaurator/in (Hochschule),93
26244,Windparkmanager/in,26
11401,Helfer/in - Fischwirtschaft,11
29212,Verfahrenstechnolog(e/in) - Mühlen-/Getreidew. - Müllerei,29
11132,Pflanzentechnologe/-technologin,11
53333,Lebensmittelkontrolleur/in,53
81734,Sprechwissenschaftler/in,81
24112,Verfahrenstechnolog(e/in) Metall - Nichteisenmetallurgie,24
53332,Amtliche/r Fachassistent/in (Fleischkontrolleur/in),53
73113,Inspektor/in - Notardienst,73
41423,Techniker/in - Werkstofftechnik,41
23413,Techniker/in - Druck- und Medientechnik,23
94612,Szenenbild-Assistent/in,94
94522,Kamera-Assistent/in,94
83213,Wirtschafter/in - Hauswirtschaft,83
51511,Funkbediener/in (Taxibetrieb),51
11133,Landwirtschaftliche/r Labortechniker/in,11
81524,Tierarzt/-ärztin - Haus- und Heimtiere,81
51132,Fachkraft - Schiff/Maschinendienst (ohne Befähigungszeugnis),51
32262,Wasserbauer/in,32
91324,Soziologe/Soziologin,91
73254,Beamt(er/in) - Justizverwaltung (höh. Dienst),73
33242,Holz- und Bautenschützer/in - Bautenschutz,33
94114,Konzertmeister/in (Streicher),94
25244,Ingenieur/in - Schiffbau und Meerestechnik,25
62522,Fachverkäufer/in - Kunst-/Antiquitätenhandel,62
51242,Schleusenwärter/in,51
51503,Techniker/in - Verkehrstechnik (Verkehrsmanagement),51
62513,Fachwirt/in - Buchhandel,62
51633,Fachwirt/in - Bahnbetrieb,51
51233,Flugsicherungstechniker/in,51
52383,Luftschiffführer/in,52
83394,Propst,83
71433,Parlamentsstenograf/in,71
33303,Techniker/in - Bautechnik (Ausbau),33
51193,Industriemeister/in - Techn. Wagenbehandlung - Eisenbahn,51
82534,Ingenieur/in - Hörtechnik und Audiologie,82
93433,Techniker/in - Glastechnik (Glasgestaltung),93
41222,Medizinische/r Sektions- und Präparationsassistent/in,41
63113,Betriebswirt/in (Fachschule) - Touristik/Reiseverkehr,63
93523,Restaurator/in - Gold-u. Silberschmiedehw./M. Prof. Restaur.,93
29152,Nahrungs- und Genussmittelkoster/in,29
81333,Arztassistent/in / Physician Assistant,81
94134,Leiter/in der Schauspielmusik,94
11582,Falkner/in,11
34314,Wasserwerksingenieur/in,34
24532,Kleinuhrenmacher/in,24
81242,Medizinische/r Technologe/Technologin - Veterinärmedizin,81
41213,Techniker/in - Biotechnik,41
71423,Schriftdolmetscher/in,71
11333,Hufbeschlagschmied/in,11
29204,Lebensmittelsachverständige/r,29
22103,Techniker/in - Kunststoff- und Kautschuktechnik,22
94712,Techn. Assistent/in - naturkundliche Museen/Forschungsinst.,94
21123,Kampfmittelbeseitiger/in,21
81753,Osteopath/in,81
51293,Straßenwärtermeister/in,51
51614,Luftverkehrsmanager/in,51
28322,Fachkraft - Lederverarbeitung,28
32132,Hochbaufacharbeiter/in - Feuerungs- und Schornsteinbauarb.,32
29262,Süßwarentechnologe/-technologin,29
11342,Kutscher/in,11
71234,Gleichstellungsbeauftragte/r,71
42134,Wirtschaftsgeograf/in,42
73394,Bibliotheksleiter/in,73
94623,Außenrequisiteur/in,94
93642,Klavierbauer/in,93
63194,Betriebsleiter/in - Gesundheitswesen/Freizeit/Fitness,63
84394,Rektor/in / Präsident/in,84
23213,Gestalter/in - Werbe- und Mediengestaltung,23
21111,"Helfer/in - Bergbau, Tagebau",21
93622,Holzblasinstrumentenmacher/in,93
42323,Gewässerschutztechniker/in,42
91342,Fachangestellte/r für Markt- und Sozialforschung,91
81514,Tierarzt/-ärztin - Groß- und Nutztiere,81
62532,Musikfachhändler/in,62
51432,Schiffssteward/-stewardess,51
53322,Fachkraft - Hygieneüberwachung,53
11312,Pferdewirt/in - Pferdezucht,11
84494,Schulleiter/in - Erwachsenenbildung,84
31224,Kartograf/in (Hochschule),31
83322,Gemeindehelfer/in/Gemeindediakon/in,83
24303,Techniker/in - Korrosionsschutz,24
94794,Leiter/in - Museum,94
61132,"Auktionator/in, Versteiger(er/in)",61
29142,Süßmoster/in,29
83333,Ordenspriester,83
94313,Musikclown/in,94
51133,Zweite/r Technische/r Offizier/in (mit Einschr.),51
41433,Betontechnologe/-technologin,41
22304,Ingenieur/in - Holztechnik,22
26193,Industriemeister/in - Mechatronik,26
11322,Berufstrainer/in (Pferderennsport),11
73162,Beamt(er/in) - Verfassungsschutz (mittl. Dienst),73
51224,Prüfsachverständige/r - Eisenbahnbereich,51
41184,Biomathematiker/in,41
21112,Vorarbeiter/in - Berg- und Tagebau,21
34334,Ingenieur/in - Abfallwirtschaft,34
54113,Techniker/in - Reinigungs- und Hygienetechnik,54
83382,Küster/in,83
29203,Techniker/in - Lebensmitteltechnik (ohne Schwerpunkt),29
33223,Stuckateur/in - Restaurierungsarbeiten,33
42203,Techniker/in - Umweltschutzt. (ohne Schwerpunkt),42
84414,Rhythmiklehrer/in,84
28212,Designer/in (Ausbildung) - Mode,28
11602,Winzer/in,11
33193,Parkettlegermeister/in,33
24513,Techniker/in - Feinwerktechnik,24
21342,Flachglastechnologe/-technologin,21
93422,Industriekeramiker/in Dekorationstechnik,93
82401,Bestattungsgehilfe/-gehilfin,82
11183,Fachagrarwirt/in - Erneuerbare Energien/Biomasse,11
33133,Parkettleger/in - Restaurierungsarbeiten,33
22182,Klebefachkraft,22
11794,Forstverwalter/in / Betriebsleiter/in - Forst,11
91124,Wirtschaftsanglist/in,91
22193,Meister/in - Kunststofftechnik,22
34234,Ingenieur/in - Kältesystemtechnik,34
22203,Techniker/in - Farb- u. Lacktechnik (Betriebswirtschaft),22
33232,Klebeabdichter/in,33
81213,"Biomed. Fachanalytiker/in -med. Mikrobio., Virolog., Hygiene",81
93393,Vergoldermeister/in,93
93522,Edelsteinschleifer/in - Schmuckdiamantschleifen,93
31142,Fachkraft - Wasserwirtschaft,31
84533,Tanzlehrer/in,84
93302,Kunsthandwerker/in,93
52423,Binnenschiffermeister/in,52
91484,Sozialökonom/in / Sozialwirt/in,91
71224,Verbandsgeschäftsführer/in,71
28223,Techniker/in - Bekleidungstechnik,28
24203,Metallbearbeitungstechniker/in,24
23123,Techniker/in - Lebensmitteltechnik (Lebensmittelverpackung),23
81752,Heilpraktiker/in,81
51134,Ingenieur/in - Schiffsbetriebstechnik,51
28393,Industriemeister/in - Schuhfertigung,28
24244,Ingenieur/in - Lasertechnik,24
28343,Bekleidungsgestalter/in - Pelznähen,28
32113,Techniker/in - Bautechnik (Betonbau),32
93213,Gestalter/in - Farbtechnik/Raumgestaltung,93
29102,Getränkehersteller/in,29
41323,Synthesetechniker/in - Chemie,41
29282,Tiefkühlkosthersteller/in,29
41343,Steuer(er/in) - Erdöl- und Erdgasraffinationsanlagen,41
81143,Fachagrarwirt/in - Besamungswesen,81
91224,Mediävist/in,91
81132,Orthoptist/in,81
81722,Fachassistent/in - Hirnleistungstraining,81
92394,"Verleger/in (Medien, Musik)",92
93532,Graveur/in,93
21412,Vorarbeiter/in - Industriekeramik,21
93313,Gestalter/in - Stein,93
53213,Polizeivollzugsbeamt(er/in) - Bundespolizei (geh. Dienst),53
51332,"Vorarbeiter/in - Lagerwirtschaft, Güter- und Warenumschlag",51
94613,Gewandmeister/in,94
51182,Funker/in,51
53394,Abteilungsleiter/in - Gewerbeaufsicht,53
11113,Techniker/in - Agrartechnik,11
23423,Restaurator/in - Buchbinderhandwerk/M. Prof. Restaurierung,23
52422,Binnenschiffer/in - Personenschifffahrt,52
94713,"Techniker/in - Museums-, Ausstellungstechnik",94
73201,Beamt(er/in) - Kommunalverwaltung (einfacher Dienst),73
23414,Ingenieur/in - Druck- und Medientechnik,23
28104,Ingenieur/in - Textiltechnik,28
81223,Techniker/in - Kardiotechnik,81
23282,Mediengestalter/in Flexografie,23
12122,Gärtner/in - Zierpflanzenbau,12
53243,Beamt(er/in) - Justizvollzugsdienst (geh. Dienst),53
91134,Romanist/in - Portugiesisch,91
41234,Meeresbiologe/-biologin,41
11394,Gestütsleiter/in,11
24533,Restaurator/in - Uhrmacherhandwerk/M. Prof. Restaurierung,24
23113,Techniker/in - Papiertechnik,23
53241,Justizwachtmeister/in,53
94414,Spielleiter/in (Schauspiel),94
21113,Beamt(er/in) - Bergverwaltung (geh. Dienst),21
24514,Ingenieur/in - Feinwerktechnik,24
42142,Beamt(er/in) - Wetterdienst (mittl. Dienst),42
41393,Industriemeister/in - Chemie,41
73154,Richter/in,73
11193,Pflanzentechnologiemeister/in,11
82533,Hörgerätetechniker/in,82
1104,Offizier - Militärmusikdienst,11
21122,Sprengmeistergehilfe/-gehilfin,21
82343,Maskenbildner/in (Hochschule),82
28142,Textillaborant/in - Textilveredelung,28
91214,Religionswissenschaftler/in,91
21312,Glaswerker/in,21
41434,Ingenieur/in - Baustoffe,41
29193,Industriemeister/in - Fruchtsaft und Getränke,29
21423,Industriekeramiktechniker/in,21
73244,Beamt(er/in) - Zolldienst (höh. Dienst),73
84424,Religionspädagoge/-pädagogin - jüdische Gemeinden,84
91174,Neogräzist/in,91
29132,Fachkraft - Brennereiwesen,29
91254,Judaist/in,91
21213,Techniker/in - Kohleveredlung (Aufbereitung),21
29253,"Techniker/in - Milchwirtschaft, Molkereiwesen",29
24432,Taucher/in,24
11123,Landwirtschaftliche/r Sachverständige/r,11
53194,Leiter/in - Rettungsdienst,53
23313,Techniker/in - Foto- und Medientechnik,23
84523,Fluglehrer/in,84
91114,Friesische/r Philologe/Philologin,91
11182,Pflanzenschützer/in,11
25253,Zweirad-Servicetechniker/in - motor. Zweiradtechnik,25
82524,Ingenieur/in - Augenoptik/Optometrie,82
34333,Techniker/in - Abfalltechnik,34
31152,Denkmaltechnische/r Assistent/in,31
93342,Vergolder/in,93
94144,Komponist/in,94
42144,Meteorologe/Meteorologin,42
52413,Kapitän/in - Küstenfischerei,52
29272,Tabakwarenmacher/in,29
21223,Techniker/in - Baustofftechnologie,21
53233,Gerichtsvollzieher/in,53
42113,Techniker/in - Geologietechnik,42
22333,Techniker/in - Holztechnik (Automatisierungstechnik),22
73231,Beamt(er/in) - Steuerverwaltung (einf.Dienst),73
71442,Korrektor/in,71
41264,Mikrobiologe/-biologin,41
22183,Klebetechniker/in,22
24304,Ingenieur/in - Korrosionsschutztechnik,24
93652,Orgelbauer/in - Pfeifenbau,93
52313,Berufsflugzeugführer/in (CPL (A)),52
28193,Textilgestaltermeister/in,28
81764,Verpflegungsmanager/in (Diätküchenleiter/in),81
33243,Holzschutzsachverständige/r,33
12123,Techniker/in - Gartenbau (Produktion und Vermarktung),12
23493,Industriemeister/in - Buchbinderei,23
91154,Wirtschaftsarabist/in,91
11724,Landschaftsökologe/-ökologin,11
21322,Glasinstrumentenmacher/in,21
73144,Staatsanwalt/-anwältin,73
11594,Tierheimleiter/in,11
94724,Kunstsachverständige/r,94
53232,Vollziehungsbeamt(er/in),53
94183,Audiodesigner/in - Musik,94
27284,Ingenieur/in - Sport,27
93323,Scherenschneider/in,93
28112,Textilgestalter/in im Handwerk - Sticken,28
93312,Bildhauer/in,93
41274,Epidemiologe/Epidemiologin,41
91234,Altertumswissenschaftler/in,91
73234,Beamt(er/in) - Steuerverwaltung (höh. Dienst),73
91184,Editionswissenschaftler/in,91
91233,Techniker/in - Grabungstechnik,91
11184,Entwicklungshelfer/in,11
83332,Angehörige/r geistlicher Orden u. Mutterhäuser,83
94534,Tonmeister/in,94
84194,Schulleiter/in - allgemeinbildende Schulen,84
29242,Fischwerker/in,29
28333,Techniker/in - Schuhtechnik (Modellgestaltung),28
28114,Textildesigner/in,28
21393,Industriemeister/in - Optik,21
22204,"Ingenieur/in - Farben, Lacke",22
11604,Önologe/Önologin,11
11713,Techniker/in - Forsttechnik,11
61152,Pfandleiher/in,61
1302,Fachunteroffizier - Militärmusikdienst,13
27282,Sportgerätebauer/in,27
94184,Studienleiter/in (Musik),94
91104,Sprachwissenschaftler/in,91
93653,Restaurator/in - Orgel-u. Harmoniumbauerhw/M. Prof. Restaur.,93
11213,Klauenpfleger/in,11
1203,Feldwebel - Geoinformationsdienst,12
12103,Techniker/in - Gartenbau (ohne Schwerpunkt),12
93412,Keramiker/in,93
22293,Industriemeister/in - Lack,22
11124,Beamt(er/in) - Höherer landwirtschaftlicher Dienst,11
83384,Missionar/in,83
94334,"Moderator/in (Funk, Fernsehen)",94
11714,Forstwirtschaftssachverständige/r,11
94514,Ingenieur/in - Veranstaltungstechnik,94
11423,Fischereitechniker/in,11
53313,Beamt(er/in) - Eichwesen (geh. techn. Dienst),53
24134,Ingenieur/in - Gießereitechnik,24
27182,Beamt(er/in) - Wehrverwaltung (mittl. techn. Dienst),27
93343,Restaurator/in - Vergolderhandwerk/M. Prof. Restaurierung,93
12293,Wirtschafter/in - Floristik,12
21114,Ingenieur/in - Rohstoffgewinnung und -aufbereitung,21
42312,Kfm. Ass./Wirtschaftsassistent/in - Umweltschutz,42
21332,Glasapparatebläser/in,21
11222,Tierwirt/in - Geflügelhaltung,11
81763,Ernährungstherapeut/in,81
73164,Beamt(er/in) - Verfassungsschutz (höh. Dienst),73
27183,Beamt(er/in) - Wehrverwaltung (geh. techn. Dienst),27
21323,Techniker/in - Glastechnik (Optik),21
93533,Restaurator/in - Graveurhandwerk/M. Prof. Restaurierung,93
42293,Schornsteinfegermeister/in,42
29103,Brau- und Getränketechnologe/-technologin,29
28312,Fachkraft - Lederherstellung und Gerbereitechnik,28
28342,Pelzwerker/in,28
91264,Volkskundler/in,91
28224,Ingenieur/in - Bekleidungstechnik,28
93293,Raumausstattermeister/in,93
12294,Betriebsleiter/in - Floristik,12
11104,Agrarwissenschaftler/in / Agrarökonom/in,11
32253,Kanalmeister/in,32
82493,Bestattermeister/in,82
21293,Industriemeister/in - Aufbereitungs- und Verfahrenstechnik,21
21313,Techniker/in - Glastechnik (ohne Schwerpunkt),21
23293,Industriemeister/in - Printmedien/B. Prof. Print,23
29263,Süßwarentechniker/in,29
24133,Techniker/in - Gießereitechnik,24
53224,Beamt(er/in) - Kriminaldienst (höh. Dienst),53
51112,Achslagerprüfer/in (Bahn),51
81224,Ingenieur/in - Kardiotechnik,81
24524,Werkzeugingenieur/in,24
82232,Ernährungsassistent/in,82
11793,Forstwirtschaftsmeister/in,11
21233,Techniker/in - Steintechnik,21
81594,Ärztliche/r Direktor/in (Tierarzt/-ärztin),81
42112,Geologielaborant/in,42
94403,Filmgeschäftsführer/in,94
41293,Milchwirtschaftliche/r Labormeister/in/B. Prof. milchw. Lab.,41
29223,Techniker/in - Lebensmitteltechnik (Bäckereitechnik),29
11493,Fischwirtschaftsmeister/in - Kl. Hochsee- u. Küstenfischerei,11
51534,Flugunfalluntersucher/in,51
12203,Gestalter/in - Blumenkunst,12
93593,Schilder- und Lichtreklameherstellermeister/in,93
53244,Gefängnisdirektor/in,53
11412,Fischwirt/in - Aquakultur und Binnenfischerei,11
28143,Techniker/in - Textiltechnik (Textilveredelung),28
82403,Fachwirt/in - Bestattung,82
21352,Glasapparatejustierer/in (Wachsschreiber/in),21
73313,Beamt(er/in) - Archivdienst (geh. Dienst),73
11732,Jäger/in (Berufsjäger/in),11
23114,Ingenieur/in - Papiertechnik,23
84413,Facherzieher/in - Musik,84
25254,Ingenieur/in - Zweiradtechnik,25
51543,Hafenmeister/in,51
11233,Bienenzuchtberater/in,11
93512,Metallbildner/in - Metalldrücktechnik,93
22382,Fahrzeugstellmacher/in,22
73163,Beamt(er/in) - Bundesnachrichtendienst (geh. Dienst),73
29233,Techniker/in - Lebensmitteltechnik (Fleischereitechnik),29
93332,Spielzeughersteller/in,93
24293,Industriemeister/in - Aluminiumbe- und -verarbeitung,24
93352,Kerzenhersteller/in und Wachsbildner/in - Wachsbildnerei,93
93524,Schmuckdesigner/in,93
93604,Musikinstrumentenbauer/in (Hochschule),93
11232,Imker/in,11
94693,Ausstattungsleiter/in - Bühne/Film/Fernsehen,94
93693,Handzuginstrumentenmachermeister/in,93
94582,Pyrotechniker/in,94
24193,Industriemeister/in - Gießerei,24
53223,Beamt(er/in) - Landeskriminaldienst (geh. Dienst),53
42143,Beamt(er/in) - Wetterdienst (geh. Dienst),42
73241,Beamt(er/in) - Zolldienst (einf. Dienst),73
24393,Galvaniseurmeister/in,24
53314,Beamt(er/in) - Gewerbeaufsicht (höh. techn. Dienst),53
93432,Glasbildner/in,93
24113,Techniker/in - Hüttentechnik,24
52414,Schiffsbetriebsoffizier/in - Nautik/Technik,52
11283,Futtermittelkontrolleur/in,11
32263,"Beamt(er/in) - Wasser-, Schifffahrtsverw. (geh.tech.Dienst)",32
11293,Tierwirtschaftsmeister/in - Imkerei,11
93632,Metallblasinstrumentenmacher/in,93
29213,Techniker/in - Müllereitechnik,29
93513,Restaurator/in - Metallbildnerhw./M. Prof. Restaurierung,93
73243,Beamt(er/in) - Zolldienst (geh. Dienst),73
93612,Zupfinstrumentenmacher/in - Harfenbau,93
94714,Technikwissenschaftler/in,94
94303,Vortragskünstler/in,94
28123,Techniker/in - Textiltechnik (Textilerzeugung),28
21124,Sprengingenieur/in (Bergbau),21
29143,Fruchtsafttechniker/in,29
11603,Techniker/in - Weinbau und Kellerwirtschaft,11
81532,Tierheilpraktiker/in,81
28314,Ingenieur/in - Ledertechnik,28
91354,Demograf/in,91
81724,Motologe/Motologin,81
11693,Wirtschafter/in - Weinbau,11
93333,Gestalter/in - Spielzeug,93
51243,Flussmeister/in,51
23393,Fotografenmeister/in,23
29123,Techniker/in - Kellerwirtschaft,29
11294,Verwalter/in - Tierzucht,11
29243,Lebensmitteltechniker/in - Fischtechnik,29
93643,Restaurator/in - Klavierbau,93
51223,Beamt(er/in) - Bahnwesen (geh. techn. Dienst),51
93413,Gestalter/in - Keramik,93
93682,Handzuginstrumentenmacher/in,93
11393,Pferdewirtschaftsmeister/in - Spezialreitweisen,11
93493,Glas- und Porzellanmalermeister/in,93
12104,Gartenbauwissenschaftler/in,12
32243,Brunnenbautechniker/in,32
93683,Restaurator/in - Akkordeonbau,93
28313,Techniker/in - Ledertechnik,28
81584,Tierpsychologe/-psychologin,81
93383,Restaurator/in - archäologisches Kulturgut,93
28133,Techniker/in - Textiltechnik (Spinnereitechnik),28
29114,Ingenieur/in - Brauwesen und Getränketechnologie,29
22184,Klebfachingenieur/in,22
21413,Techniker/in - Keramiktechnik,21
93623,Holzblasinstrumentenbauer/in - Restaurator/in,93
51653,Schiffsmakler/in,51
93602,Musikinstrumentenbauer/in,93
82514,Ingenieur/in - Orthopädie- und Rehatechnik,82
11593,Tierpflegemeister/in,11
11424,Ingenieur/in - Fischereitechnik,11
41333,Steuer(er/in) - chemische Wärmebehandlungsanlagen,41
24114,Ingenieur/in - Hüttentechnik,24
21493,Industriemeister/in - Keramik,21
93633,Metallblasinstrumentenbauer/in - Restaurator/in,93
